timeStamp,elapsed,label,responseCode,responseMessage,threadName,dataType,success,failureMessage,bytes,sentBytes,grpThreads,allThreads,URL,Latency,IdleTime,Connect
1685642455686,6331,HTTP Request,200,OK,Thread Group 1-1,text,true,,588488,304,4,4,https://en.wikipedia.org/wiki/Python_(programming_language),571,0,486
1685642455686,571,HTTP Request-0,301,Moved Permanently,Thread Group 1-1,,true,,124,152,4,4,http://en.wikipedia.org/wiki/Python_(programming_language),571,0,486
1685642456257,5760,HTTP Request-1,200,OK,Thread Group 1-1,text,true,,588364,152,4,4,https://en.wikipedia.org/wiki/Python_(programming_language),747,0,505
1685642457685,4950,HTTP Request,200,OK,Thread Group 1-2,text,true,,588488,304,4,4,https://en.wikipedia.org/wiki/Python_(programming_language),643,0,281
1685642457685,643,HTTP Request-0,301,Moved Permanently,Thread Group 1-2,,true,,124,152,4,4,http://en.wikipedia.org/wiki/Python_(programming_language),643,0,281
1685642458328,4307,HTTP Request-1,200,OK,Thread Group 1-2,text,true,,588364,152,4,4,https://en.wikipedia.org/wiki/Python_(programming_language),1146,0,595
1685642461684,1846,HTTP Request,200,OK,Thread Group 1-4,text,true,,588488,304,4,4,https://en.wikipedia.org/wiki/Python_(programming_language),223,0,86
1685642461684,223,HTTP Request-0,301,Moved Permanently,Thread Group 1-4,,true,,124,152,4,4,http://en.wikipedia.org/wiki/Python_(programming_language),223,0,86
1685642461907,1623,HTTP Request-1,200,OK,Thread Group 1-4,text,true,,588364,152,4,4,https://en.wikipedia.org/wiki/Python_(programming_language),327,0,216
1685642459685,3854,HTTP Request,200,OK,Thread Group 1-3,text,true,,588488,304,4,4,https://en.wikipedia.org/wiki/Python_(programming_language),2111,0,423
1685642459685,2111,HTTP Request-0,301,Moved Permanently,Thread Group 1-3,,true,,124,152,4,4,http://en.wikipedia.org/wiki/Python_(programming_language),2111,0,423
1685642461797,1742,HTTP Request-1,200,OK,Thread Group 1-3,text,true,,588364,152,4,4,https://en.wikipedia.org/wiki/Python_(programming_language),359,0,207
1685642462635,993,HTTP Request,200,OK,Thread Group 1-2,text,true,,588488,304,4,4,https://en.wikipedia.org/wiki/Python_(programming_language),117,0,0
1685642462635,117,HTTP Request-0,301,Moved Permanently,Thread Group 1-2,,true,,124,152,4,4,http://en.wikipedia.org/wiki/Python_(programming_language),117,0,0
1685642462752,876,HTTP Request-1,200,OK,Thread Group 1-2,text,true,,588364,152,4,4,https://en.wikipedia.org/wiki/Python_(programming_language),97,0,0
1685642463539,2996,HTTP Request,200,OK,Thread Group 1-3,text,true,,588488,304,5,5,https://en.wikipedia.org/wiki/Python_(programming_language),89,0,0
1685642463539,89,HTTP Request-0,301,Moved Permanently,Thread Group 1-3,,true,,124,152,5,5,http://en.wikipedia.org/wiki/Python_(programming_language),89,0,0
1685642463628,2907,HTTP Request-1,200,OK,Thread Group 1-3,text,true,,588364,152,5,5,https://en.wikipedia.org/wiki/Python_(programming_language),188,0,0
1685642463686,4759,HTTP Request,200,OK,Thread Group 1-5,text,true,,588488,304,5,5,https://en.wikipedia.org/wiki/Python_(programming_language),147,0,75
1685642463686,147,HTTP Request-0,301,Moved Permanently,Thread Group 1-5,,true,,124,152,5,5,http://en.wikipedia.org/wiki/Python_(programming_language),147,0,75
1685642463833,4612,HTTP Request-1,200,OK,Thread Group 1-5,text,true,,588364,152,5,5,https://en.wikipedia.org/wiki/Python_(programming_language),2552,0,542
1685642462017,8372,HTTP Request,200,OK,Thread Group 1-1,text,true,,588488,304,6,6,https://en.wikipedia.org/wiki/Python_(programming_language),121,0,0
1685642462017,121,HTTP Request-0,301,Moved Permanently,Thread Group 1-1,,true,,124,152,6,6,http://en.wikipedia.org/wiki/Python_(programming_language),121,0,0
1685642462138,8251,HTTP Request-1,200,OK,Thread Group 1-1,text,true,,588364,152,6,6,https://en.wikipedia.org/wiki/Python_(programming_language),147,0,0
1685642463530,9116,HTTP Request,200,OK,Thread Group 1-4,text,true,,588488,304,6,6,https://en.wikipedia.org/wiki/Python_(programming_language),98,0,0
1685642463530,98,HTTP Request-0,301,Moved Permanently,Thread Group 1-4,,true,,124,152,6,6,http://en.wikipedia.org/wiki/Python_(programming_language),98,0,0
1685642463628,9018,HTTP Request-1,200,OK,Thread Group 1-4,text,true,,588364,152,6,6,https://en.wikipedia.org/wiki/Python_(programming_language),437,0,0
1685642468446,4363,HTTP Request,200,OK,Thread Group 1-5,text,true,,588488,304,5,5,https://en.wikipedia.org/wiki/Python_(programming_language),258,0,0
1685642468446,258,HTTP Request-0,301,Moved Permanently,Thread Group 1-5,,true,,124,152,5,5,http://en.wikipedia.org/wiki/Python_(programming_language),258,0,0
1685642468704,4105,HTTP Request-1,200,OK,Thread Group 1-5,text,true,,588364,152,5,5,https://en.wikipedia.org/wiki/Python_(programming_language),867,0,0
1685642471684,2391,HTTP Request,200,OK,Thread Group 1-9,text,true,,588488,304,5,5,https://en.wikipedia.org/wiki/Python_(programming_language),957,0,658
1685642471684,957,HTTP Request-0,301,Moved Permanently,Thread Group 1-9,,true,,124,152,5,5,http://en.wikipedia.org/wiki/Python_(programming_language),957,0,658
1685642472642,1433,HTTP Request-1,200,OK,Thread Group 1-9,text,true,,588364,152,5,5,https://en.wikipedia.org/wiki/Python_(programming_language),551,0,195
1685642465686,9549,HTTP Request,200,OK,Thread Group 1-6,text,true,,588488,304,5,5,https://en.wikipedia.org/wiki/Python_(programming_language),868,0,682
1685642465686,868,HTTP Request-0,301,Moved Permanently,Thread Group 1-6,,true,,124,152,5,5,http://en.wikipedia.org/wiki/Python_(programming_language),868,0,682
1685642474075,1159,HTTP Request,200,OK,Thread Group 1-9,text,true,,588488,304,5,5,https://en.wikipedia.org/wiki/Python_(programming_language),66,0,0
1685642466555,8680,HTTP Request-1,200,OK,Thread Group 1-6,text,true,,588364,152,5,5,https://en.wikipedia.org/wiki/Python_(programming_language),1432,0,1265
1685642474075,66,HTTP Request-0,301,Moved Permanently,Thread Group 1-9,,true,,124,152,5,5,http://en.wikipedia.org/wiki/Python_(programming_language),66,0,0
1685642474144,1090,HTTP Request-1,200,OK,Thread Group 1-9,text,true,,588364,152,5,5,https://en.wikipedia.org/wiki/Python_(programming_language),67,0,0
1685642467686,9178,HTTP Request,200,OK,Thread Group 1-7,text,true,,588488,304,5,5,https://en.wikipedia.org/wiki/Python_(programming_language),191,0,94
1685642467686,191,HTTP Request-0,301,Moved Permanently,Thread Group 1-7,,true,,124,152,5,5,http://en.wikipedia.org/wiki/Python_(programming_language),191,0,94
1685642467877,8987,HTTP Request-1,200,OK,Thread Group 1-7,text,true,,588364,152,5,5,https://en.wikipedia.org/wiki/Python_(programming_language),851,0,530
1685642473686,3905,HTTP Request,200,OK,Thread Group 1-10,text,true,,588488,304,5,5,https://en.wikipedia.org/wiki/Python_(programming_language),175,0,98
1685642473686,175,HTTP Request-0,301,Moved Permanently,Thread Group 1-10,,true,,124,152,5,5,http://en.wikipedia.org/wiki/Python_(programming_language),175,0,98
1685642473861,3730,HTTP Request-1,200,OK,Thread Group 1-10,text,true,,588364,152,5,5,https://en.wikipedia.org/wiki/Python_(programming_language),525,0,196
1685642477591,4194,HTTP Request,200,OK,Thread Group 1-10,text,true,,588488,304,8,8,https://en.wikipedia.org/wiki/Python_(programming_language),1183,0,0
1685642477591,1183,HTTP Request-0,301,Moved Permanently,Thread Group 1-10,,true,,124,152,8,8,http://en.wikipedia.org/wiki/Python_(programming_language),1183,0,0
1685642478774,3011,HTTP Request-1,200,OK,Thread Group 1-10,text,true,,588364,152,8,8,https://en.wikipedia.org/wiki/Python_(programming_language),1231,0,0
1685642475685,6112,HTTP Request,200,OK,Thread Group 1-11,text,true,,588488,304,7,7,https://en.wikipedia.org/wiki/Python_(programming_language),847,0,202
1685642475685,847,HTTP Request-0,301,Moved Permanently,Thread Group 1-11,,true,,124,152,7,7,http://en.wikipedia.org/wiki/Python_(programming_language),847,0,202
1685642476533,5264,HTTP Request-1,200,OK,Thread Group 1-11,text,true,,588364,152,7,7,https://en.wikipedia.org/wiki/Python_(programming_language),3598,0,1240
1685642475234,6656,HTTP Request,200,OK,Thread Group 1-6,text,true,,588488,304,7,7,https://en.wikipedia.org/wiki/Python_(programming_language),201,0,0
1685642475234,201,HTTP Request-0,301,Moved Permanently,Thread Group 1-6,,true,,124,152,7,7,http://en.wikipedia.org/wiki/Python_(programming_language),201,0,0
1685642475436,6454,HTTP Request-1,200,OK,Thread Group 1-6,text,true,,588364,152,7,7,https://en.wikipedia.org/wiki/Python_(programming_language),256,0,0
1685642479685,2425,HTTP Request,200,OK,Thread Group 1-13,text,true,,588488,304,6,6,https://en.wikipedia.org/wiki/Python_(programming_language),578,0,310
1685642479685,578,HTTP Request-0,301,Moved Permanently,Thread Group 1-13,,true,,124,152,6,6,http://en.wikipedia.org/wiki/Python_(programming_language),578,0,310
1685642480263,1847,HTTP Request-1,200,OK,Thread Group 1-13,text,true,,588364,152,6,6,https://en.wikipedia.org/wiki/Python_(programming_language),659,0,365
1685642469687,12872,HTTP Request,200,OK,Thread Group 1-8,text,true,,588488,304,6,6,https://en.wikipedia.org/wiki/Python_(programming_language),2087,0,1040
1685642469687,2087,HTTP Request-0,301,Moved Permanently,Thread Group 1-8,,true,,124,152,6,6,http://en.wikipedia.org/wiki/Python_(programming_language),2087,0,1040
1685642471773,10786,HTTP Request-1,200,OK,Thread Group 1-8,text,true,,588364,152,6,6,https://en.wikipedia.org/wiki/Python_(programming_language),1228,0,887
1685642476863,6209,HTTP Request,200,OK,Thread Group 1-7,text,true,,588488,304,6,6,https://en.wikipedia.org/wiki/Python_(programming_language),648,0,0
1685642476863,648,HTTP Request-0,301,Moved Permanently,Thread Group 1-7,,true,,124,152,6,6,http://en.wikipedia.org/wiki/Python_(programming_language),648,0,0
1685642477511,5561,HTTP Request-1,200,OK,Thread Group 1-7,text,true,,588364,152,6,6,https://en.wikipedia.org/wiki/Python_(programming_language),876,0,0
1685642481797,1413,HTTP Request,200,OK,Thread Group 1-11,text,true,,588488,304,5,5,https://en.wikipedia.org/wiki/Python_(programming_language),203,0,0
1685642481797,203,HTTP Request-0,301,Moved Permanently,Thread Group 1-11,,true,,124,152,5,5,http://en.wikipedia.org/wiki/Python_(programming_language),203,0,0
1685642482000,1210,HTTP Request-1,200,OK,Thread Group 1-11,text,true,,588364,152,5,5,https://en.wikipedia.org/wiki/Python_(programming_language),87,0,0
1685642482110,1746,HTTP Request,200,OK,Thread Group 1-13,text,true,,588488,304,5,5,https://en.wikipedia.org/wiki/Python_(programming_language),71,0,0
1685642482110,71,HTTP Request-0,301,Moved Permanently,Thread Group 1-13,,true,,124,152,5,5,http://en.wikipedia.org/wiki/Python_(programming_language),71,0,0
1685642482181,1675,HTTP Request-1,200,OK,Thread Group 1-13,text,true,,588364,152,5,5,https://en.wikipedia.org/wiki/Python_(programming_language),102,0,0
1685642481685,2544,HTTP Request,200,OK,Thread Group 1-14,text,true,,588488,304,4,4,https://en.wikipedia.org/wiki/Python_(programming_language),320,0,114
1685642481685,320,HTTP Request-0,301,Moved Permanently,Thread Group 1-14,,true,,124,152,4,4,http://en.wikipedia.org/wiki/Python_(programming_language),320,0,114
1685642482005,2224,HTTP Request-1,200,OK,Thread Group 1-14,text,true,,588364,152,4,4,https://en.wikipedia.org/wiki/Python_(programming_language),277,0,174
1685642477685,6669,HTTP Request,200,OK,Thread Group 1-12,text,true,,588488,304,4,4,https://en.wikipedia.org/wiki/Python_(programming_language),2671,0,1136
1685642477685,2671,HTTP Request-0,301,Moved Permanently,Thread Group 1-12,,true,,124,152,4,4,http://en.wikipedia.org/wiki/Python_(programming_language),2671,0,1136
1685642480356,3998,HTTP Request-1,200,OK,Thread Group 1-12,text,true,,588364,152,4,4,https://en.wikipedia.org/wiki/Python_(programming_language),1707,0,1417
1685642484229,4909,HTTP Request,200,OK,Thread Group 1-14,text,true,,588488,304,6,6,https://en.wikipedia.org/wiki/Python_(programming_language),83,0,0
1685642484229,83,HTTP Request-0,301,Moved Permanently,Thread Group 1-14,,true,,124,152,6,6,http://en.wikipedia.org/wiki/Python_(programming_language),83,0,0
1685642484312,4826,HTTP Request-1,200,OK,Thread Group 1-14,text,true,,588364,152,6,6,https://en.wikipedia.org/wiki/Python_(programming_language),73,0,0
1685642484354,15027,HTTP Request,200,OK,Thread Group 1-12,text,true,,588488,304,10,10,https://en.wikipedia.org/wiki/Python_(programming_language),191,0,0
1685642484354,191,HTTP Request-0,301,Moved Permanently,Thread Group 1-12,,true,,124,152,10,10,http://en.wikipedia.org/wiki/Python_(programming_language),191,0,0
1685642484545,14836,HTTP Request-1,200,OK,Thread Group 1-12,text,true,,588364,152,10,10,https://en.wikipedia.org/wiki/Python_(programming_language),1843,0,0
1685642483684,15902,HTTP Request,200,OK,Thread Group 1-15,text,true,,588488,304,9,9,https://en.wikipedia.org/wiki/Python_(programming_language),139,0,69
1685642483684,139,HTTP Request-0,301,Moved Permanently,Thread Group 1-15,,true,,124,152,9,9,http://en.wikipedia.org/wiki/Python_(programming_language),139,0,69
1685642483824,15762,HTTP Request-1,200,OK,Thread Group 1-15,text,true,,588364,152,9,9,https://en.wikipedia.org/wiki/Python_(programming_language),257,0,157
1685642482559,25492,HTTP Request,200,OK,Thread Group 1-8,text,true,,588488,304,14,14,https://en.wikipedia.org/wiki/Python_(programming_language),1435,0,300
1685642482559,1435,HTTP Request-0,301,Moved Permanently,Thread Group 1-8,,true,,124,152,14,14,http://en.wikipedia.org/wiki/Python_(programming_language),1435,0,300
1685642483994,24057,HTTP Request-1,200,OK,Thread Group 1-8,text,true,,588364,152,14,14,https://en.wikipedia.org/wiki/Python_(programming_language),222,0,0
1685642485692,27210,HTTP Request,200,OK,Thread Group 1-16,text,true,,588488,304,15,15,https://en.wikipedia.org/wiki/Python_(programming_language),2202,0,1080
1685642485692,2202,HTTP Request-0,301,Moved Permanently,Thread Group 1-16,,true,,124,152,15,15,http://en.wikipedia.org/wiki/Python_(programming_language),2202,0,1080
1685642487895,25007,HTTP Request-1,200,OK,Thread Group 1-16,text,true,,588364,152,15,15,https://en.wikipedia.org/wiki/Python_(programming_language),14923,0,9074
1685642487686,27438,HTTP Request,200,OK,Thread Group 1-17,text,true,,588488,304,16,16,https://en.wikipedia.org/wiki/Python_(programming_language),4389,0,1946
1685642487686,4389,HTTP Request-0,301,Moved Permanently,Thread Group 1-17,,true,,124,152,16,16,http://en.wikipedia.org/wiki/Python_(programming_language),4389,0,1946
1685642492075,23049,HTTP Request-1,200,OK,Thread Group 1-17,text,true,,588364,152,16,16,https://en.wikipedia.org/wiki/Python_(programming_language),9188,0,4765
1685642489685,27178,HTTP Request,200,OK,Thread Group 1-18,text,true,,588489,304,17,17,https://en.wikipedia.org/wiki/Python_(programming_language),4447,0,2664
1685642489685,4447,HTTP Request-0,301,Moved Permanently,Thread Group 1-18,,true,,124,152,17,17,http://en.wikipedia.org/wiki/Python_(programming_language),4447,0,2664
1685642494132,22731,HTTP Request-1,200,OK,Thread Group 1-18,text,true,,588365,152,17,17,https://en.wikipedia.org/wiki/Python_(programming_language),15452,0,14399
1685642507695,9311,HTTP Request,200,OK,Thread Group 1-27,text,true,,588489,304,17,17,https://en.wikipedia.org/wiki/Python_(programming_language),914,0,635
1685642507695,914,HTTP Request-0,301,Moved Permanently,Thread Group 1-27,,true,,124,152,17,17,http://en.wikipedia.org/wiki/Python_(programming_language),914,0,635
1685642508609,8397,HTTP Request-1,200,OK,Thread Group 1-27,text,true,,588365,152,17,17,https://en.wikipedia.org/wiki/Python_(programming_language),1635,0,798
1685642499586,17684,HTTP Request,200,OK,Thread Group 1-15,text,true,,588489,304,17,17,https://en.wikipedia.org/wiki/Python_(programming_language),3387,0,1670
1685642499586,3387,HTTP Request-0,301,Moved Permanently,Thread Group 1-15,,true,,124,152,17,17,http://en.wikipedia.org/wiki/Python_(programming_language),3387,0,1670
1685642502973,14297,HTTP Request-1,200,OK,Thread Group 1-15,text,true,,588365,152,17,17,https://en.wikipedia.org/wiki/Python_(programming_language),2657,0,0
1685642505685,12744,HTTP Request,200,OK,Thread Group 1-26,text,true,,588489,304,17,17,https://en.wikipedia.org/wiki/Python_(programming_language),1033,0,883
1685642505685,1033,HTTP Request-0,301,Moved Permanently,Thread Group 1-26,,true,,124,152,17,17,http://en.wikipedia.org/wiki/Python_(programming_language),1033,0,883
1685642506718,11711,HTTP Request-1,200,OK,Thread Group 1-26,text,true,,588365,152,17,17,https://en.wikipedia.org/wiki/Python_(programming_language),658,0,387
1685642515685,5745,HTTP Request,200,OK,Thread Group 1-31,text,true,,588489,304,18,18,https://en.wikipedia.org/wiki/Python_(programming_language),1328,0,690
1685642515685,1328,HTTP Request-0,301,Moved Permanently,Thread Group 1-31,,true,,124,152,18,18,http://en.wikipedia.org/wiki/Python_(programming_language),1328,0,690
1685642517014,4416,HTTP Request-1,200,OK,Thread Group 1-31,text,true,,588365,152,18,18,https://en.wikipedia.org/wiki/Python_(programming_language),1067,0,225
1685642491685,29762,HTTP Request,200,OK,Thread Group 1-19,text,true,,588488,304,18,18,https://en.wikipedia.org/wiki/Python_(programming_language),5070,0,2487
1685642491685,5070,HTTP Request-0,301,Moved Permanently,Thread Group 1-19,,true,,124,152,18,18,http://en.wikipedia.org/wiki/Python_(programming_language),5070,0,2487
1685642496755,24692,HTTP Request-1,200,OK,Thread Group 1-19,text,true,,588364,152,18,18,https://en.wikipedia.org/wiki/Python_(programming_language),9254,0,3324
1685642511685,9891,HTTP Request,200,OK,Thread Group 1-29,text,true,,588489,304,18,18,https://en.wikipedia.org/wiki/Python_(programming_language),1372,0,499
1685642511685,1372,HTTP Request-0,301,Moved Permanently,Thread Group 1-29,,true,,124,152,18,18,http://en.wikipedia.org/wiki/Python_(programming_language),1372,0,499
1685642513058,8518,HTTP Request-1,200,OK,Thread Group 1-29,text,true,,588365,152,18,18,https://en.wikipedia.org/wiki/Python_(programming_language),2912,0,1038
1685642499688,21960,HTTP Request,200,OK,Thread Group 1-23,text,true,,588489,304,18,18,https://en.wikipedia.org/wiki/Python_(programming_language),5169,0,3656
1685642499688,5169,HTTP Request-0,301,Moved Permanently,Thread Group 1-23,,true,,124,152,18,18,http://en.wikipedia.org/wiki/Python_(programming_language),5169,0,3656
1685642504858,16790,HTTP Request-1,200,OK,Thread Group 1-23,text,true,,588365,152,18,18,https://en.wikipedia.org/wiki/Python_(programming_language),2573,0,1800
1685642517686,4123,HTTP Request,200,OK,Thread Group 1-32,text,true,,588489,304,19,19,https://en.wikipedia.org/wiki/Python_(programming_language),447,0,368
1685642517686,447,HTTP Request-0,301,Moved Permanently,Thread Group 1-32,,true,,124,152,19,19,http://en.wikipedia.org/wiki/Python_(programming_language),447,0,368
1685642518133,3676,HTTP Request-1,200,OK,Thread Group 1-32,text,true,,588365,152,19,19,https://en.wikipedia.org/wiki/Python_(programming_language),795,0,159
1685642512902,9108,HTTP Request,200,OK,Thread Group 1-16,text,true,,588489,304,19,19,https://en.wikipedia.org/wiki/Python_(programming_language),952,0,450
1685642512902,952,HTTP Request-0,301,Moved Permanently,Thread Group 1-16,,true,,124,152,19,19,http://en.wikipedia.org/wiki/Python_(programming_language),952,0,450
1685642513854,8156,HTTP Request-1,200,OK,Thread Group 1-16,text,true,,588365,152,19,19,https://en.wikipedia.org/wiki/Python_(programming_language),1268,0,0
1685642513685,9007,HTTP Request,200,OK,Thread Group 1-30,text,true,,588489,304,18,18,https://en.wikipedia.org/wiki/Python_(programming_language),1164,0,512
1685642513685,1164,HTTP Request-0,301,Moved Permanently,Thread Group 1-30,,true,,124,152,18,18,http://en.wikipedia.org/wiki/Python_(programming_language),1164,0,512
1685642514850,7842,HTTP Request-1,200,OK,Thread Group 1-30,text,true,,588365,152,18,18,https://en.wikipedia.org/wiki/Python_(programming_language),2286,0,1542
1685642516864,5842,HTTP Request,200,OK,Thread Group 1-18,text,true,,588489,304,18,18,https://en.wikipedia.org/wiki/Python_(programming_language),356,0,293
1685642516864,356,HTTP Request-0,301,Moved Permanently,Thread Group 1-18,,true,,124,152,18,18,http://en.wikipedia.org/wiki/Python_(programming_language),356,0,293
1685642517221,5485,HTTP Request-1,200,OK,Thread Group 1-18,text,true,,588365,152,18,18,https://en.wikipedia.org/wiki/Python_(programming_language),841,0,0
1685642503691,20343,HTTP Request,200,OK,Thread Group 1-25,text,true,,588489,304,18,18,https://en.wikipedia.org/wiki/Python_(programming_language),2695,0,1627
1685642503691,2695,HTTP Request-0,301,Moved Permanently,Thread Group 1-25,,true,,124,152,18,18,http://en.wikipedia.org/wiki/Python_(programming_language),2695,0,1627
1685642506386,17648,HTTP Request-1,200,OK,Thread Group 1-25,text,true,,588365,152,18,18,https://en.wikipedia.org/wiki/Python_(programming_language),1587,0,816
1685642521429,3639,HTTP Request,200,OK,Thread Group 1-31,text,true,,588489,304,18,18,https://en.wikipedia.org/wiki/Python_(programming_language),81,0,0
1685642521429,81,HTTP Request-0,301,Moved Permanently,Thread Group 1-31,,true,,124,152,18,18,http://en.wikipedia.org/wiki/Python_(programming_language),81,0,0
1685642521510,3558,HTTP Request-1,200,OK,Thread Group 1-31,text,true,,588365,152,18,18,https://en.wikipedia.org/wiki/Python_(programming_language),110,0,0
1685642495684,29623,HTTP Request,200,OK,Thread Group 1-21,text,true,,588489,304,17,17,https://en.wikipedia.org/wiki/Python_(programming_language),3809,0,1965
1685642495684,3809,HTTP Request-0,301,Moved Permanently,Thread Group 1-21,,true,,124,152,17,17,http://en.wikipedia.org/wiki/Python_(programming_language),3809,0,1965
1685642499493,25814,HTTP Request-1,200,OK,Thread Group 1-21,text,true,,588365,152,17,17,https://en.wikipedia.org/wiki/Python_(programming_language),6855,0,3461
1685642497685,28962,HTTP Request,200,OK,Thread Group 1-22,text,true,,588489,304,18,18,https://en.wikipedia.org/wiki/Python_(programming_language),3546,0,1810
1685642497685,3546,HTTP Request-0,301,Moved Permanently,Thread Group 1-22,,true,,124,152,18,18,http://en.wikipedia.org/wiki/Python_(programming_language),3546,0,1810
1685642501231,25416,HTTP Request-1,200,OK,Thread Group 1-22,text,true,,588365,152,18,18,https://en.wikipedia.org/wiki/Python_(programming_language),5625,0,2482
1685642517007,10446,HTTP Request,200,OK,Thread Group 1-27,text,true,,588489,304,18,18,https://en.wikipedia.org/wiki/Python_(programming_language),150,0,0
1685642517007,150,HTTP Request-0,301,Moved Permanently,Thread Group 1-27,,true,,124,152,18,18,http://en.wikipedia.org/wiki/Python_(programming_language),150,0,0
1685642517157,10296,HTTP Request-1,200,OK,Thread Group 1-27,text,true,,588365,152,18,18,https://en.wikipedia.org/wiki/Python_(programming_language),202,0,0
1685642521808,5667,HTTP Request,200,OK,Thread Group 1-32,text,true,,588489,304,17,17,https://en.wikipedia.org/wiki/Python_(programming_language),190,0,0
1685642521808,190,HTTP Request-0,301,Moved Permanently,Thread Group 1-32,,true,,124,152,17,17,http://en.wikipedia.org/wiki/Python_(programming_language),190,0,0
1685642521998,5477,HTTP Request-1,200,OK,Thread Group 1-32,text,true,,588365,152,17,17,https://en.wikipedia.org/wiki/Python_(programming_language),488,0,0
1685642519689,8173,HTTP Request,200,OK,Thread Group 1-33,text,true,,588489,304,17,17,https://en.wikipedia.org/wiki/Python_(programming_language),1000,0,815
1685642519689,1000,HTTP Request-0,301,Moved Permanently,Thread Group 1-33,,true,,124,152,17,17,http://en.wikipedia.org/wiki/Python_(programming_language),1000,0,815
1685642520690,7172,HTTP Request-1,200,OK,Thread Group 1-33,text,true,,588365,152,17,17,https://en.wikipedia.org/wiki/Python_(programming_language),714,0,442
1685642521576,6856,HTTP Request,200,OK,Thread Group 1-29,text,true,,588489,304,17,17,https://en.wikipedia.org/wiki/Python_(programming_language),98,0,0
1685642521576,98,HTTP Request-0,301,Moved Permanently,Thread Group 1-29,,true,,124,152,17,17,http://en.wikipedia.org/wiki/Python_(programming_language),98,0,0
1685642521674,6758,HTTP Request-1,200,OK,Thread Group 1-29,text,true,,588365,152,17,17,https://en.wikipedia.org/wiki/Python_(programming_language),142,0,0
1685642522692,6521,HTTP Request,200,OK,Thread Group 1-30,text,true,,588489,304,16,16,https://en.wikipedia.org/wiki/Python_(programming_language),423,0,0
1685642522692,423,HTTP Request-0,301,Moved Permanently,Thread Group 1-30,,true,,124,152,16,16,http://en.wikipedia.org/wiki/Python_(programming_language),423,0,0
1685642523115,6098,HTTP Request-1,200,OK,Thread Group 1-30,text,true,,588365,152,16,16,https://en.wikipedia.org/wiki/Python_(programming_language),819,0,0
1685642523685,6252,HTTP Request,200,OK,Thread Group 1-35,text,true,,588489,304,16,16,https://en.wikipedia.org/wiki/Python_(programming_language),1678,0,1301
1685642523685,1678,HTTP Request-0,301,Moved Permanently,Thread Group 1-35,,true,,124,152,16,16,http://en.wikipedia.org/wiki/Python_(programming_language),1678,0,1301
1685642525363,4574,HTTP Request-1,200,OK,Thread Group 1-35,text,true,,588365,152,16,16,https://en.wikipedia.org/wiki/Python_(programming_language),2111,0,996
1685642518431,11848,HTTP Request,200,OK,Thread Group 1-26,text,true,,588489,304,16,16,https://en.wikipedia.org/wiki/Python_(programming_language),174,0,104
1685642518431,174,HTTP Request-0,301,Moved Permanently,Thread Group 1-26,,true,,124,152,16,16,http://en.wikipedia.org/wiki/Python_(programming_language),174,0,104
1685642518605,11674,HTTP Request-1,200,OK,Thread Group 1-26,text,true,,588365,152,16,16,https://en.wikipedia.org/wiki/Python_(programming_language),444,0,0
1685642527685,4462,HTTP Request,200,OK,Thread Group 1-37,text,true,,588489,304,16,16,https://en.wikipedia.org/wiki/Python_(programming_language),472,0,260
1685642527685,472,HTTP Request-0,301,Moved Permanently,Thread Group 1-37,,true,,124,152,16,16,http://en.wikipedia.org/wiki/Python_(programming_language),472,0,260
1685642528157,3990,HTTP Request-1,200,OK,Thread Group 1-37,text,true,,588365,152,16,16,https://en.wikipedia.org/wiki/Python_(programming_language),275,0,157
1685642493686,38467,HTTP Request,200,OK,Thread Group 1-20,text,true,,588489,304,16,16,https://en.wikipedia.org/wiki/Python_(programming_language),3355,0,1156
1685642493686,3355,HTTP Request-0,301,Moved Permanently,Thread Group 1-20,,true,,124,152,16,16,http://en.wikipedia.org/wiki/Python_(programming_language),3355,0,1156
1685642497042,35111,HTTP Request-1,200,OK,Thread Group 1-20,text,true,,588365,152,16,16,https://en.wikipedia.org/wiki/Python_(programming_language),8926,0,5520
1685642525685,7029,HTTP Request,200,OK,Thread Group 1-36,text,true,,588489,304,16,16,https://en.wikipedia.org/wiki/Python_(programming_language),1627,0,665
1685642525685,1627,HTTP Request-0,301,Moved Permanently,Thread Group 1-36,,true,,124,152,16,16,http://en.wikipedia.org/wiki/Python_(programming_language),1627,0,665
1685642527313,5401,HTTP Request-1,200,OK,Thread Group 1-36,text,true,,588365,152,16,16,https://en.wikipedia.org/wiki/Python_(programming_language),957,0,698
1685642527862,7322,HTTP Request,200,OK,Thread Group 1-33,text,true,,588489,304,17,17,https://en.wikipedia.org/wiki/Python_(programming_language),213,0,0
1685642527862,213,HTTP Request-0,301,Moved Permanently,Thread Group 1-33,,true,,124,152,17,17,http://en.wikipedia.org/wiki/Python_(programming_language),213,0,0
1685642528075,7109,HTTP Request-1,200,OK,Thread Group 1-33,text,true,,588365,152,17,17,https://en.wikipedia.org/wiki/Python_(programming_language),377,0,0
1685642529937,5261,HTTP Request,200,OK,Thread Group 1-35,text,true,,588489,304,16,16,https://en.wikipedia.org/wiki/Python_(programming_language),178,0,0
1685642529937,178,HTTP Request-0,301,Moved Permanently,Thread Group 1-35,,true,,124,152,16,16,http://en.wikipedia.org/wiki/Python_(programming_language),178,0,0
1685642530115,5083,HTTP Request-1,200,OK,Thread Group 1-35,text,true,,588365,152,16,16,https://en.wikipedia.org/wiki/Python_(programming_language),751,0,0
1685642532148,4441,HTTP Request,200,OK,Thread Group 1-37,text,true,,588489,304,16,16,https://en.wikipedia.org/wiki/Python_(programming_language),732,0,0
1685642532148,732,HTTP Request-0,301,Moved Permanently,Thread Group 1-37,,true,,124,152,16,16,http://en.wikipedia.org/wiki/Python_(programming_language),732,0,0
1685642532880,3709,HTTP Request-1,200,OK,Thread Group 1-37,text,true,,588365,152,16,16,https://en.wikipedia.org/wiki/Python_(programming_language),2210,0,0
1685642532716,4417,HTTP Request,200,OK,Thread Group 1-36,text,true,,588489,304,15,15,https://en.wikipedia.org/wiki/Python_(programming_language),1512,0,0
1685642532716,1512,HTTP Request-0,301,Moved Permanently,Thread Group 1-36,,true,,124,152,15,15,http://en.wikipedia.org/wiki/Python_(programming_language),1512,0,0
1685642534228,2905,HTTP Request-1,200,OK,Thread Group 1-36,text,true,,588365,152,15,15,https://en.wikipedia.org/wiki/Python_(programming_language),555,0,0
1685642509685,28843,HTTP Request,200,OK,Thread Group 1-28,text,true,,588489,304,15,15,https://en.wikipedia.org/wiki/Python_(programming_language),890,0,120
1685642509685,890,HTTP Request-0,301,Moved Permanently,Thread Group 1-28,,true,,124,152,15,15,http://en.wikipedia.org/wiki/Python_(programming_language),890,0,120
1685642510575,27953,HTTP Request-1,200,OK,Thread Group 1-28,text,true,,588365,152,15,15,https://en.wikipedia.org/wiki/Python_(programming_language),3650,0,1522
1685642515124,23735,HTTP Request,200,OK,Thread Group 1-17,text,true,,588489,304,15,15,https://en.wikipedia.org/wiki/Python_(programming_language),1685,0,991
1685642515124,1685,HTTP Request-0,301,Moved Permanently,Thread Group 1-17,,true,,124,152,15,15,http://en.wikipedia.org/wiki/Python_(programming_language),1685,0,991
1685642516810,22049,HTTP Request-1,200,OK,Thread Group 1-17,text,true,,588365,152,15,15,https://en.wikipedia.org/wiki/Python_(programming_language),811,0,0
1685642531685,8503,HTTP Request,200,OK,Thread Group 1-39,text,true,,588489,304,15,15,https://en.wikipedia.org/wiki/Python_(programming_language),2308,0,916
1685642531685,2308,HTTP Request-0,301,Moved Permanently,Thread Group 1-39,,true,,124,152,15,15,http://en.wikipedia.org/wiki/Python_(programming_language),2308,0,916
1685642533994,6194,HTTP Request-1,200,OK,Thread Group 1-39,text,true,,588365,152,15,15,https://en.wikipedia.org/wiki/Python_(programming_language),1503,0,1208
1685642524035,16762,HTTP Request,200,OK,Thread Group 1-25,text,true,,588489,304,15,15,https://en.wikipedia.org/wiki/Python_(programming_language),933,0,391
1685642524035,933,HTTP Request-0,301,Moved Permanently,Thread Group 1-25,,true,,124,152,15,15,http://en.wikipedia.org/wiki/Python_(programming_language),933,0,391
1685642524968,15829,HTTP Request-1,200,OK,Thread Group 1-25,text,true,,588365,152,15,15,https://en.wikipedia.org/wiki/Python_(programming_language),1056,0,0
1685642533687,7120,HTTP Request,200,OK,Thread Group 1-40,text,true,,588489,304,14,14,https://en.wikipedia.org/wiki/Python_(programming_language),1281,0,907
1685642533687,1281,HTTP Request-0,301,Moved Permanently,Thread Group 1-40,,true,,124,152,14,14,http://en.wikipedia.org/wiki/Python_(programming_language),1281,0,907
1685642534969,5838,HTTP Request-1,200,OK,Thread Group 1-40,text,true,,588365,152,14,14,https://en.wikipedia.org/wiki/Python_(programming_language),467,0,217
1685642521447,20376,HTTP Request,200,OK,Thread Group 1-19,text,true,,588489,304,15,15,https://en.wikipedia.org/wiki/Python_(programming_language),166,0,100
1685642521447,166,HTTP Request-0,301,Moved Permanently,Thread Group 1-19,,true,,124,152,15,15,http://en.wikipedia.org/wiki/Python_(programming_language),166,0,100
1685642521613,20210,HTTP Request-1,200,OK,Thread Group 1-19,text,true,,588365,152,15,15,https://en.wikipedia.org/wiki/Python_(programming_language),732,0,0
1685642540188,2736,HTTP Request,200,OK,Thread Group 1-39,text,true,,588489,304,14,14,https://en.wikipedia.org/wiki/Python_(programming_language),316,0,0
1685642540188,316,HTTP Request-0,301,Moved Permanently,Thread Group 1-39,,true,,124,152,14,14,http://en.wikipedia.org/wiki/Python_(programming_language),316,0,0
1685642540504,2420,HTTP Request-1,200,OK,Thread Group 1-39,text,true,,588365,152,14,14,https://en.wikipedia.org/wiki/Python_(programming_language),219,0,0
1685642537687,5417,HTTP Request,200,OK,Thread Group 1-42,text,true,,588489,304,13,13,https://en.wikipedia.org/wiki/Python_(programming_language),2276,0,937
1685642537687,2276,HTTP Request-0,301,Moved Permanently,Thread Group 1-42,,true,,124,152,13,13,http://en.wikipedia.org/wiki/Python_(programming_language),2276,0,937
1685642539964,3140,HTTP Request-1,200,OK,Thread Group 1-42,text,true,,588365,152,13,13,https://en.wikipedia.org/wiki/Python_(programming_language),808,0,555
1685642535688,7649,HTTP Request,200,OK,Thread Group 1-41,text,true,,588489,304,13,13,https://en.wikipedia.org/wiki/Python_(programming_language),456,0,188
1685642535688,456,HTTP Request-0,301,Moved Permanently,Thread Group 1-41,,true,,124,152,13,13,http://en.wikipedia.org/wiki/Python_(programming_language),456,0,188
1685642536145,7192,HTTP Request-1,200,OK,Thread Group 1-41,text,true,,588365,152,13,13,https://en.wikipedia.org/wiki/Python_(programming_language),1871,0,1061
1685642540807,2660,HTTP Request,200,OK,Thread Group 1-40,text,true,,588489,304,13,13,https://en.wikipedia.org/wiki/Python_(programming_language),113,0,0
1685642540807,113,HTTP Request-0,301,Moved Permanently,Thread Group 1-40,,true,,124,152,13,13,http://en.wikipedia.org/wiki/Python_(programming_language),113,0,0
1685642540920,2547,HTTP Request-1,200,OK,Thread Group 1-40,text,true,,588365,152,13,13,https://en.wikipedia.org/wiki/Python_(programming_language),113,0,0
1685642539686,4190,HTTP Request,200,OK,Thread Group 1-43,text,true,,588489,304,13,13,https://en.wikipedia.org/wiki/Python_(programming_language),820,0,522
1685642539686,820,HTTP Request-0,301,Moved Permanently,Thread Group 1-43,,true,,124,152,13,13,http://en.wikipedia.org/wiki/Python_(programming_language),820,0,522
1685642540506,3370,HTTP Request-1,200,OK,Thread Group 1-43,text,true,,588365,152,13,13,https://en.wikipedia.org/wiki/Python_(programming_language),822,0,194
1685642541687,2486,HTTP Request,200,OK,Thread Group 1-44,text,true,,588489,304,13,13,https://en.wikipedia.org/wiki/Python_(programming_language),381,0,139
1685642541687,381,HTTP Request-0,301,Moved Permanently,Thread Group 1-44,,true,,124,152,13,13,http://en.wikipedia.org/wiki/Python_(programming_language),381,0,139
1685642542068,2105,HTTP Request-1,200,OK,Thread Group 1-44,text,true,,588365,152,13,13,https://en.wikipedia.org/wiki/Python_(programming_language),531,0,161
1685642543337,1647,HTTP Request,200,OK,Thread Group 1-41,text,true,,588489,304,13,13,https://en.wikipedia.org/wiki/Python_(programming_language),80,0,0
1685642543337,80,HTTP Request-0,301,Moved Permanently,Thread Group 1-41,,true,,124,152,13,13,http://en.wikipedia.org/wiki/Python_(programming_language),80,0,0
1685642543417,1567,HTTP Request-1,200,OK,Thread Group 1-41,text,true,,588365,152,13,13,https://en.wikipedia.org/wiki/Python_(programming_language),438,0,0
1685642529685,16106,HTTP Request,200,OK,Thread Group 1-38,text,true,,588489,304,13,13,https://en.wikipedia.org/wiki/Python_(programming_language),141,0,72
1685642529685,141,HTTP Request-0,301,Moved Permanently,Thread Group 1-38,,true,,124,152,13,13,http://en.wikipedia.org/wiki/Python_(programming_language),141,0,72
1685642529827,15964,HTTP Request-1,200,OK,Thread Group 1-38,text,true,,588365,152,13,13,https://en.wikipedia.org/wiki/Python_(programming_language),2881,0,418
1685642544173,2018,HTTP Request,200,OK,Thread Group 1-44,text,true,,588489,304,13,13,https://en.wikipedia.org/wiki/Python_(programming_language),211,0,0
1685642544173,211,HTTP Request-0,301,Moved Permanently,Thread Group 1-44,,true,,124,152,13,13,http://en.wikipedia.org/wiki/Python_(programming_language),211,0,0
1685642544384,1807,HTTP Request-1,200,OK,Thread Group 1-44,text,true,,588365,152,13,13,https://en.wikipedia.org/wiki/Python_(programming_language),142,0,0
1685642543105,3177,HTTP Request,200,OK,Thread Group 1-42,text,true,,588489,304,12,12,https://en.wikipedia.org/wiki/Python_(programming_language),93,0,0
1685642543105,93,HTTP Request-0,301,Moved Permanently,Thread Group 1-42,,true,,124,152,12,12,http://en.wikipedia.org/wiki/Python_(programming_language),93,0,0
1685642543198,3084,HTTP Request-1,200,OK,Thread Group 1-42,text,true,,588365,152,12,12,https://en.wikipedia.org/wiki/Python_(programming_language),371,0,0
1685642545686,1656,HTTP Request,200,OK,Thread Group 1-46,text,true,,588489,304,11,11,https://en.wikipedia.org/wiki/Python_(programming_language),151,0,73
1685642545686,151,HTTP Request-0,301,Moved Permanently,Thread Group 1-46,,true,,124,152,11,11,http://en.wikipedia.org/wiki/Python_(programming_language),151,0,73
1685642545836,1506,HTTP Request-1,200,OK,Thread Group 1-46,text,true,,588365,152,11,11,https://en.wikipedia.org/wiki/Python_(programming_language),461,0,157
1685642543876,3783,HTTP Request,200,OK,Thread Group 1-43,text,true,,588489,304,11,11,https://en.wikipedia.org/wiki/Python_(programming_language),153,0,0
1685642543876,153,HTTP Request-0,301,Moved Permanently,Thread Group 1-43,,true,,124,152,11,11,http://en.wikipedia.org/wiki/Python_(programming_language),153,0,0
1685642544029,3630,HTTP Request-1,200,OK,Thread Group 1-43,text,true,,588365,152,11,11,https://en.wikipedia.org/wiki/Python_(programming_language),222,0,0
1685642526647,21487,HTTP Request,200,OK,Thread Group 1-22,text,true,,588489,304,11,11,https://en.wikipedia.org/wiki/Python_(programming_language),2663,0,791
1685642526647,2663,HTTP Request-0,301,Moved Permanently,Thread Group 1-22,,true,,124,152,11,11,http://en.wikipedia.org/wiki/Python_(programming_language),2663,0,791
1685642529310,18824,HTTP Request-1,200,OK,Thread Group 1-22,text,true,,588365,152,11,11,https://en.wikipedia.org/wiki/Python_(programming_language),1107,0,0
1685642547342,896,HTTP Request,200,OK,Thread Group 1-46,text,true,,588489,304,10,10,https://en.wikipedia.org/wiki/Python_(programming_language),74,0,0
1685642547342,74,HTTP Request-0,301,Moved Permanently,Thread Group 1-46,,true,,124,152,10,10,http://en.wikipedia.org/wiki/Python_(programming_language),74,0,0
1685642547416,822,HTTP Request-1,200,OK,Thread Group 1-46,text,true,,588365,152,10,10,https://en.wikipedia.org/wiki/Python_(programming_language),88,0,0
1685642532154,16247,HTTP Request,200,OK,Thread Group 1-20,text,true,,588489,304,9,9,https://en.wikipedia.org/wiki/Python_(programming_language),2083,0,739
1685642532154,2083,HTTP Request-0,301,Moved Permanently,Thread Group 1-20,,true,,124,152,9,9,http://en.wikipedia.org/wiki/Python_(programming_language),2083,0,739
1685642534237,14164,HTTP Request-1,200,OK,Thread Group 1-20,text,true,,588365,152,9,9,https://en.wikipedia.org/wiki/Python_(programming_language),1126,0,0
1685642543687,4744,HTTP Request,200,OK,Thread Group 1-45,text,true,,588489,304,8,8,https://en.wikipedia.org/wiki/Python_(programming_language),2169,0,1070
1685642543687,2169,HTTP Request-0,301,Moved Permanently,Thread Group 1-45,,true,,124,152,8,8,http://en.wikipedia.org/wiki/Python_(programming_language),2169,0,1070
1685642545855,2576,HTTP Request-1,200,OK,Thread Group 1-45,text,true,,588365,152,8,8,https://en.wikipedia.org/wiki/Python_(programming_language),492,0,171
1685642521648,26967,HTTP Request,200,OK,Thread Group 1-23,text,true,,588489,304,8,8,https://en.wikipedia.org/wiki/Python_(programming_language),153,0,83
1685642521648,153,HTTP Request-0,301,Moved Permanently,Thread Group 1-23,,true,,124,152,8,8,http://en.wikipedia.org/wiki/Python_(programming_language),153,0,83
1685642521801,26814,HTTP Request-1,200,OK,Thread Group 1-23,text,true,,588365,152,8,8,https://en.wikipedia.org/wiki/Python_(programming_language),805,0,0
1685642547686,1879,HTTP Request,200,OK,Thread Group 1-47,text,true,,588489,304,7,7,https://en.wikipedia.org/wiki/Python_(programming_language),145,0,70
1685642547686,145,HTTP Request-0,301,Moved Permanently,Thread Group 1-47,,true,,124,152,7,7,http://en.wikipedia.org/wiki/Python_(programming_language),145,0,70
1685642547831,1734,HTTP Request-1,200,OK,Thread Group 1-47,text,true,,588365,152,7,7,https://en.wikipedia.org/wiki/Python_(programming_language),372,0,165
1685642548431,1342,HTTP Request,200,OK,Thread Group 1-45,text,true,,588489,304,8,8,https://en.wikipedia.org/wiki/Python_(programming_language),111,0,0
1685642548431,111,HTTP Request-0,301,Moved Permanently,Thread Group 1-45,,true,,124,152,8,8,http://en.wikipedia.org/wiki/Python_(programming_language),111,0,0
1685642548542,1231,HTTP Request-1,200,OK,Thread Group 1-45,text,true,,588365,152,8,8,https://en.wikipedia.org/wiki/Python_(programming_language),202,0,0
1685642525307,24511,HTTP Request,200,OK,Thread Group 1-21,text,true,,588489,304,7,7,https://en.wikipedia.org/wiki/Python_(programming_language),806,0,157
1685642525307,806,HTTP Request-0,301,Moved Permanently,Thread Group 1-21,,true,,124,152,7,7,http://en.wikipedia.org/wiki/Python_(programming_language),806,0,157
1685642526113,23705,HTTP Request-1,200,OK,Thread Group 1-21,text,true,,588365,152,7,7,https://en.wikipedia.org/wiki/Python_(programming_language),1537,0,0
1685642549566,1114,HTTP Request,200,OK,Thread Group 1-47,text,true,,588489,304,6,6,https://en.wikipedia.org/wiki/Python_(programming_language),205,0,0
1685642549566,205,HTTP Request-0,301,Moved Permanently,Thread Group 1-47,,true,,124,152,6,6,http://en.wikipedia.org/wiki/Python_(programming_language),205,0,0
1685642549771,909,HTTP Request-1,200,OK,Thread Group 1-47,text,true,,588365,152,6,6,https://en.wikipedia.org/wiki/Python_(programming_language),89,0,0
1685642549685,1541,HTTP Request,200,OK,Thread Group 1-48,text,true,,588489,304,5,5,https://en.wikipedia.org/wiki/Python_(programming_language),197,0,133
1685642549685,197,HTTP Request-0,301,Moved Permanently,Thread Group 1-48,,true,,124,152,5,5,http://en.wikipedia.org/wiki/Python_(programming_language),197,0,133
1685642549882,1344,HTTP Request-1,200,OK,Thread Group 1-48,text,true,,588365,152,5,5,https://en.wikipedia.org/wiki/Python_(programming_language),357,0,155
1685642538529,12726,HTTP Request,200,OK,Thread Group 1-28,text,true,,588489,304,5,5,https://en.wikipedia.org/wiki/Python_(programming_language),2535,0,1417
1685642538529,2535,HTTP Request-0,301,Moved Permanently,Thread Group 1-28,,true,,124,152,5,5,http://en.wikipedia.org/wiki/Python_(programming_language),2535,0,1417
1685642541064,10191,HTTP Request-1,200,OK,Thread Group 1-28,text,true,,588365,152,5,5,https://en.wikipedia.org/wiki/Python_(programming_language),847,0,0
1685642551227,512,HTTP Request,200,OK,Thread Group 1-48,text,true,,588489,304,5,5,https://en.wikipedia.org/wiki/Python_(programming_language),75,0,0
1685642551227,75,HTTP Request-0,301,Moved Permanently,Thread Group 1-48,,true,,124,152,5,5,http://en.wikipedia.org/wiki/Python_(programming_language),75,0,0
1685642551302,437,HTTP Request-1,200,OK,Thread Group 1-48,text,true,,588365,152,5,5,https://en.wikipedia.org/wiki/Python_(programming_language),75,0,0
1685642551684,1066,HTTP Request,200,OK,Thread Group 1-49,text,true,,588489,304,4,4,https://en.wikipedia.org/wiki/Python_(programming_language),173,0,86
1685642551684,173,HTTP Request-0,301,Moved Permanently,Thread Group 1-49,,true,,124,152,4,4,http://en.wikipedia.org/wiki/Python_(programming_language),173,0,86
1685642551857,893,HTTP Request-1,200,OK,Thread Group 1-49,text,true,,588365,152,4,4,https://en.wikipedia.org/wiki/Python_(programming_language),245,0,149
1685642545791,7371,HTTP Request,200,OK,Thread Group 1-38,text,true,,588489,304,4,4,https://en.wikipedia.org/wiki/Python_(programming_language),134,0,67
1685642545791,134,HTTP Request-0,301,Moved Permanently,Thread Group 1-38,,true,,124,152,4,4,http://en.wikipedia.org/wiki/Python_(programming_language),134,0,67
1685642545925,7237,HTTP Request-1,200,OK,Thread Group 1-38,text,true,,588365,152,4,4,https://en.wikipedia.org/wiki/Python_(programming_language),383,0,0
1685642552751,636,HTTP Request,200,OK,Thread Group 1-49,text,true,,588489,304,3,3,https://en.wikipedia.org/wiki/Python_(programming_language),100,0,0
1685642552751,100,HTTP Request-0,301,Moved Permanently,Thread Group 1-49,,true,,124,152,3,3,http://en.wikipedia.org/wiki/Python_(programming_language),100,0,0
1685642552851,536,HTTP Request-1,200,OK,Thread Group 1-49,text,true,,588365,152,3,3,https://en.wikipedia.org/wiki/Python_(programming_language),68,0,0
1685642553688,3995,HTTP Request,200,OK,Thread Group 1-50,text,true,,588489,304,3,3,https://en.wikipedia.org/wiki/Python_(programming_language),151,0,75
1685642553688,151,HTTP Request-0,301,Moved Permanently,Thread Group 1-50,,true,,124,152,3,3,http://en.wikipedia.org/wiki/Python_(programming_language),151,0,75
1685642553840,3843,HTTP Request-1,200,OK,Thread Group 1-50,text,true,,588365,152,3,3,https://en.wikipedia.org/wiki/Python_(programming_language),1282,0,1159
1685642501686,56635,HTTP Request,200,OK,Thread Group 1-24,text,true,,588489,304,3,3,https://en.wikipedia.org/wiki/Python_(programming_language),2323,0,1487
1685642501686,2323,HTTP Request-0,301,Moved Permanently,Thread Group 1-24,,true,,124,152,3,3,http://en.wikipedia.org/wiki/Python_(programming_language),2323,0,1487
1685642504009,54312,HTTP Request-1,200,OK,Thread Group 1-24,text,true,,588365,152,3,3,https://en.wikipedia.org/wiki/Python_(programming_language),4295,0,2796
1685642557683,2091,HTTP Request,200,OK,Thread Group 1-50,text,true,,588489,304,3,3,https://en.wikipedia.org/wiki/Python_(programming_language),78,0,0
1685642557683,78,HTTP Request-0,301,Moved Permanently,Thread Group 1-50,,true,,124,152,3,3,http://en.wikipedia.org/wiki/Python_(programming_language),78,0,0
1685642557761,2013,HTTP Request-1,200,OK,Thread Group 1-50,text,true,,588365,152,3,3,https://en.wikipedia.org/wiki/Python_(programming_language),464,0,0
1685642521685,39319,HTTP Request,200,OK,Thread Group 1-34,text,true,,588489,304,2,2,https://en.wikipedia.org/wiki/Python_(programming_language),1666,0,1120
1685642521685,1666,HTTP Request-0,301,Moved Permanently,Thread Group 1-34,,true,,124,152,2,2,http://en.wikipedia.org/wiki/Python_(programming_language),1666,0,1120
1685642523351,37653,HTTP Request-1,200,OK,Thread Group 1-34,text,true,,588365,152,2,2,https://en.wikipedia.org/wiki/Python_(programming_language),2025,0,655
1685642558321,14022,HTTP Request,200,OK,Thread Group 1-24,text,true,,588489,304,2,2,https://en.wikipedia.org/wiki/Python_(programming_language),289,0,154
1685642558321,289,HTTP Request-0,301,Moved Permanently,Thread Group 1-24,,true,,124,152,2,2,http://en.wikipedia.org/wiki/Python_(programming_language),289,0,154
1685642558611,13732,HTTP Request-1,200,OK,Thread Group 1-24,text,true,,588365,152,2,2,https://en.wikipedia.org/wiki/Python_(programming_language),1378,0,0
1685642561005,16103,HTTP Request,200,OK,Thread Group 1-34,text,true,,588489,304,1,1,https://en.wikipedia.org/wiki/Python_(programming_language),149,0,76
1685642561005,149,HTTP Request-0,301,Moved Permanently,Thread Group 1-34,,true,,124,152,1,1,http://en.wikipedia.org/wiki/Python_(programming_language),149,0,76
1685642561154,15954,HTTP Request-1,200,OK,Thread Group 1-34,text,true,,588365,152,1,1,https://en.wikipedia.org/wiki/Python_(programming_language),410,0,0
